mask,slit_no,obj,c2020_id,ypix_mospy,mospy_notes,pypeit_notes,wp,mia,keep,confidence,cquality,zguess,zmeasured,wave,ypix_slit,photoz,photoz_source,MUV,serendip_ra,serendip_dec,pypeit_ref_idx,pypeit_slit,                    pypeit_name , maskdef_id ,     objra ,  objdec , spat_pixpos , spat_fracpos , box_width , opt_fwhm ,   s2n , maskdef_extract 
wmmc01,1,                 M_WP551495 ,551495,2219,"l@11090?onsky,l@10263?","nl,nc",1,,,1,0,7.43,7.442,10263,24,,c2020,,,,34,1504, SPAT1504-SLIT1504-DET01 ,1,150.19379,2.17021,1504,0.481,1,0.3,0.03,            True 
wmmc01,2,                 B_WP450980 ,450980,2166,"l@9839?weirdshape,l@10629?","nl,nc",1,,,1,-1,7.09,7.095,9839,21,,c2020,,,,33,1466, SPAT1468-SLIT1466-DET01 ,2,150.18992,2.16204,1468,0.552,1,0.3,0.04,            True 
wmmc01,4,                 L_WP693466 ,693466,2050,l@10001?onsky,"nl,nc",1,,0,0,-1,7.22,7.23,10001,,,c2020,,,,30,1380, SPAT1385-SLIT1380-DET01 ,4,150.18879,2.18037,1385,0.612,1,0.3,0.26,            True 
wmmc01,6,                 L_WP930991 ,930991,,"nl,nc","l@[1297,942]?,l@[1293,162]?",1,,0,0,-1,7.3,,10093,45,,c2020,,,,28,1293, SPAT1294-SLIT1293-DET01 ,6,150.18792,2.20266,1294,0.536,1,0.3,-0.01,            True 
wmmc01,11,                 CAND_M8502 ,,1581,"l@9871?,l@10031?LOWZ","nl,nc",1,,,-1,1,7.25,7.2514,10031,22,,ccand,,,,23,1060, SPAT1061-SLIT1060-DET01 ,11,150.17275,2.20622,1061,0.536,1,0.3,0.13,            True 
wmmc01,13,                 L_WP737150 ,737150,,"nl,nc","nl,nc",1,,0,0,-1,,,,,,c2020,,,,21,973, SPAT0981-SLIT0973-DET01 ,13,150.16221,2.18237,981,0.66,1,0.3,-0.14,            True 
wmmc01,14,                 CAND_L4510 ,,,"nl,nc","nl,nc",1,,0,0,-1,,,,,,ccand,,,,20,913, SPAT0916-SLIT0913-DET01 ,14,150.1585,2.18811,916,0.56,1,0.3,-0.02,            True 
wmmc01,17,                 B_WP547670 ,547670,1119,"fc,l@9941?",fc,1,,,0,-1,7.18,7.175,9941,39,,c2020,,,,17,755, SPAT0752-SLIT0755-DET01 ,17,150.144,2.17722,752,0.44,1,0.3,-0.14,            True 
wmmc01,18,                 CAND_M5825 ,,1041,"l@9916?onsky,l@11098?11103?doublet?","nl,nc",1,,,1,0,8.12,8.133,11098,19,,ccand,,,,16,706, SPAT0705-SLIT0706-DET01 ,18,150.14462,2.19378,705,0.464,1,0.3,0.08,            True 
wmmc01,19,                 B_WP493215 ,493215,955,"l@10861??onsky,l@10270??","nl,nc",1,,,0,-1,,,,,,c2020,,,,15,657, SPAT0650-SLIT0657-DET01 ,19,150.13596,2.17377,650,0.36,1,0.3,0,            True 
wmmc01,20,                 CAND_L8232 ,,,l@10885?onstarSERENDIP?,"nl,nc",1,,,1,1,7.96,7.955,10885,41,,ccand,,,,14,596, SPAT0601-SLIT0596-DET01 ,20,150.13979,2.20466,601,0.588,1,0.3,0.23,            True 
wmmc01,21,                 B_WP567863 ,567863,770,"l@11184?,cmc:l@11105?","l@[533,901]",1,,,1,1,8.19,8.2045,11184,34,,c2020,,,,12,536, SPAT0533-SLIT0536-DET01 ,21,150.12838,2.17846,533,0.44,1,0.3,0.33,            True 
wmmc01,22,                 CAND_M9262 ,,686,"l@10644?onsky,cmc:l@9995?","nl,nc",1,,0,0,0,7.22,7.2218,10644,30,,ccand,,,,11,476, SPAT0471-SLIT0476-DET01 ,22,150.13075,2.20911,471,0.4,1,0.3,-0.03,            True 
wmmc01,25,                 B_WP143124 ,143124,494,fc,"fc,l@[338,218]?",1,,0,0,-1,,,,,,c2020,,,,8,341, SPAT0345-SLIT0341-DET01 ,25,150.12446,2.21732,345,0.58,1,0.3,0.02,            True 
wmmc01,27,                CAND_B10404 ,10404,,"nl,nc","nl,nc",1,,0,0,-1,,,,,,c2020,,,,6,244, SPAT0240-SLIT0244-DET01 ,27,150.11613,2.21427,240,0.42,1,0.3,0.26,            True 
wmmc01,28,                 CAND_L4631 ,,278,l@10141?,"nl,nc",1,,,1,1,7.34,7.341,10141,29,,ccand,,,,5,196, SPAT0197-SLIT0196-DET01 ,28,150.10725,2.1887,197,0.556,1,0.3,-0.08,            True 
wmmc01,29,                 CAND_L9078 ,,228,l@9802?onsky,"l@[156,38]?",1,,0,0,-1,7.07,,9812,38,,ccand,,,,4,158, SPAT0159-SLIT0158-DET01 ,29,150.10946,2.20816,159,0.536,1,0.3,-0.27,            True 
wmmc01,30,                 CAND_L7135 ,,,"nl,nc","nl,nc",1,,0,0,-1,,,,,,ccand,,,,3,110, SPAT0103-SLIT0110-DET01 ,30,150.10321,2.19955,103,0.367,1,0.3,0.09,            True 
wmmc01,31,                 CAND_B4151 ,,82,"l@10513?onsky,l@9803?,l@10700?","l@[65,951]?",1,,??,0,-1,-1,,9803,25,,ccand,,,,2,62, SPAT0064-SLIT0062-DET01 ,31,150.09754,2.18601,64,0.593,1,0.3,-0.05,            True 
wmmc02,1,CAND_L26533,,,l@10609?,,1,,0,0,-1,,,,,,,,,,,1531,SPAT1533-SLIT1531-DET01,1,150.10992,2.29128,1533,0.54,1,0.5,0.26,TRUE
wmmc02,2,CAND_L24736,,2144,"l@9986,l@10736?",,1,,,1,-1,7.21,7.217,9986,21,,ccand,,,,,1482,SPAT1482-SLIT1482-DET01,2,150.09358,2.28335,1482,0.5,1,0.5,-0.01,TRUE
wmmc02,3,CAND_M23930,,,l@9800?onsky,,1,,,1,0,7.06,,9800,23,,ccand,,,,,1444,SPAT1444-SLIT1444-DET01,3,150.08796,2.27956,1444,0.5,1,0.5,0.01,TRUE
wmmc02,5,CAND_B24107,,,"nl,nc",,1,,0,0,-1,,,,,,ccand,,,,,1368,SPAT1369-SLIT1368-DET01,5,150.10808,2.28041,1369,0.536,1,0.5,-0.28,TRUE
wmmc02,7,CAND_L22252,,,"nl,nc",,1,,0,0,-1,,,,,,ccand,,,,,1281,SPAT1278-SLIT1281-DET01,7,150.09762,2.27153,1278,0.44,1,0.5,-0.19,TRUE
wmmc02,8,CAND_L21865,,,"fc,l@10546?11101?",,1,,,1,0,7.67,,10546,42,,ccand,,,,,1222,SPAT1222-SLIT1222-DET01,8,150.10558,2.26934,1222,0.51,1,0.5,0.28,TRUE
wmmc02,10,CAND_B20710,,,l@10369?,,1,,,0,0,7.52,,10369,29,,ccand,,,,,1124,SPAT1116-SLIT1124-DET01,10,150.11129,2.26311,1116,0.34,1,0.5,-0.11,TRUE
wmmc02,11,CAND_L19310,,,fc?,,1,,0,0,-1,,,,,,ccand,,,,,1075,SPAT1075-SLIT1075-DET01,11,150.08958,2.25481,1075,0.5,1,0.5,0.26,TRUE
wmmc02,13,CAND_M17668,,,"nl,nc",,1,,0,0,-1,,,,,,ccand,,,,,990,SPAT0988-SLIT0990-DET01,13,150.07908,2.24611,988,0.469,1,0.5,0.14,TRUE
wmmc02,14,CAND_M18855,,1360,l@9867,,1,,,2,1,7.12,7.12,9867,48,,ccand,,,,,931,SPAT0933-SLIT0931-DET01,14,150.11833,2.25226,933,0.542,1,0.5,0,TRUE
wmmc02,15,CAND_L17994,,,"nl,nc",,1,,0,0,-1,,,,,,ccand,,,,,883,SPAT0882-SLIT0883-DET01,15,150.11504,2.24769,882,0.464,1,0.5,-0.02,TRUE
wmmc02,18,CAND_M16351,,,l@10390?,,1,,0,0,-1,7.54,,,,,ccand,,,,,748,SPAT0749-SLIT0748-DET01,18,150.12058,2.24019,749,0.556,1,0.5,-0.02,TRUE
wmmc02,20,CAND_B12614,,,"nl,nc",,1,,0,0,-1,,,,,,ccand,,,,,672,SPAT0673-SLIT0672-DET01,20,150.07542,2.2237,673,0.536,1,0.5,0,TRUE
wmmc02,23,CAND_M13312,,,l@11180,,1,,,1,1,8.19,,11180,49,,ccand,,,,,548,SPAT0556-SLIT0548-DET01,23,150.11425,2.22654,556,0.653,1,0.5,0,TRUE
wmmc02,26,CAND_L12084,,617,"l@10065?,l@10259?",,1,,,1,-1,7.43,,10259,26,,ccand,,,,,426,SPAT0426-SLIT0426-DET01,26,150.12762,2.22132,426,0.519,1,0.5,0.1,TRUE
wmmc02,27,B_WP143124,143124,,"nl,nc",,1,,0,0,-1,,,,,,c2020,,,,,377,SPAT0380-SLIT0377-DET01,27,150.12446,2.21732,380,0.56,1,0.5,0.07,TRUE
wmmc02,28,CAND_B9030,,,l@10562?,,1,,,1,0,7.68,,10562,27,,ccand,,,,,328,SPAT0328-SLIT0328-DET01,28,150.10329,2.20796,328,0.5,1,0.5,0.04,TRUE
wmmc02,30,CAND_M9262,,332,l@10479?INCONSISTENT,,1,,0,1,-1,7.62,,10479,35,,ccand,,,,,242,SPAT0239-SLIT0242-DET01,30,150.13075,2.20911,239,0.429,1,0.5,-0.12,TRUE
wmmc02,31,L_WP852172,852172,,"nl,nc",,1,,0,0,-1,,,,,,c2020,,,,,183,SPAT0186-SLIT0183-DET01,31,150.12383,2.20338,186,0.56,1,0.5,0.12,TRUE
wmmc02,33,CAND_L7150,,127,l@10489?,,1,,,1,-1,7.63,,10489,24,,ccand,,,,,96,SPAT0098-SLIT0096-DET01,33,150.13208,2.19966,98,0.556,1,0.5,0.21,TRUE
wmmc02,34,CAND_B6542,,,"nl,nc",,1,,0,0,-1,,,,,,ccand,,,,,60,SPAT0060-SLIT0060-DET01,34,150.13125,2.19698,60.4,0.513,3,0.666,3.08,FALSE
wmmc02,35,CAND_B4151,,20,l@10885?l@10273?,,1,,??,1,1,7.45,,10273,27,,ccand,,,,,23,SPAT0023-SLIT0023-DET01,35,150.09754,2.18601,23,0.5,1,0.5,0.04,TRUE
wmmc03,1,CAND_B49961,,2330,l@10266?onsky,,1,,,1,1,7.44,7.448,10266,66,,ccand,,,,,1568,SPAT1575-SLIT1568-DET01,1,150.05571,2.39816,1575,0.627,1,0.35,0.2,TRUE
wmmc03,2,CAND_B50340,,,"nl,nc",,1,,0,0,-1,,,,,,ccand,,,,,1518,SPAT1518-SLIT1518-DET01,2,150.06258,2.39994,1518,0.483,1,0.35,0.1,TRUE
wmmc03,3,CAND_M50173,,2167,l@10631,,1,,,2,1,7.74,7.748,10631,62,,ccand,,,,,1468,SPAT1478-SLIT1468-DET01,3,150.06508,2.39903,1478,0.686,1,0.35,0,TRUE
wmmc03,4,CAND_B47002,,,l@10870??,,1,,,0,1,7.94,,10870,38,,ccand,,,,,1408,SPAT1405-SLIT1408-DET01,4,150.05821,2.38336,1405,0.451,1,0.35,0.02,TRUE
wmmc03,6,CAND_M47077,,,"nl,nc",,1,,0,0,-1,,,,,,ccand,,,,,1307,SPAT1310-SLIT1307-DET01,6,150.06696,2.38379,1310,0.558,1,0.35,0,TRUE
wmmc03,7,M_WP372229,372229,,l@11071?onsky,,1,,,0,-1,8.11,,11071,,,c2020,,,,,1256,SPAT1257-SLIT1256-DET01,7,150.09813,2.41286,1257,0.517,1,0.35,0.01,TRUE
wmmc03,8,CAND_M44480,,1783,l@11100,,1,,,2,-1,8.13,8.128,11100,65,,ccand,,,,,1206,SPAT1208-SLIT1206-DET01,8,150.0635,2.36997,1208,0.538,1,0.35,0,TRUE
wmmc03,10,CAND_M43334,,,"nl,nc",,1,,0,0,-1,,,,,,ccand,,,,,1106,SPAT1104-SLIT1106-DET01,10,150.06737,2.36382,1104,0.471,1,0.35,0.07,TRUE
wmmc03,11,CAND_M47287,,,"nl,nc",,1,,0,0,-1,,,,,,ccand,,,,,1045,SPAT1041-SLIT1045-DET01,11,150.09325,2.38494,1040.7,0.404,3,0.553,11.89,FALSE
wmmc03,12,CAND_L41657,,,l@10786?9845??,,1,,,1,0,7.09,,9845,24,,ccand,,,,,996,SPAT0997-SLIT0996-DET01,12,150.07058,2.3563,997,0.552,1,0.35,0,TRUE
wmmc03,13,CAND_L49308,,,"nl,nc",,1,,0,0,-1,,,,,,ccand,,,,,956,SPAT0956-SLIT0956-DET01,13,150.10904,2.39493,956,0.483,1,0.35,0.08,TRUE
wmmc03,15,CAND_L39354,,1269,fc,,1,,0,0,-1,,,,,,ccand,,,,,878,SPAT0878-SLIT0878-DET01,15,150.07204,2.34778,878,0.517,1,0.35,0.04,TRUE
wmmc03,17,CAND_L40113,,1126,l@10314?l@11047?,,1,,,1,0,8.08,,11047,40,,ccand,,,,,790,SPAT0783-SLIT0790-DET01,17,150.08317,2.35074,783,0.373,1,0.35,-0.09,TRUE
wmmc03,18,CAND_M46246,,1064,l@11000?,,1,,,1,0.5,8.04,,10999,23,,ccand,,,,,740,SPAT0741-SLIT0740-DET01,18,150.11258,2.37922,741,0.536,1,0.35,0.2,TRUE
wmmc03,19,CAND_M45034,,1006,l@10251?,,1,,,1,-1,7.43,,10251,70,,ccand,,,,,690,SPAT0698-SLIT0690-DET01,19,150.11013,2.37262,698,0.654,1,0.35,0.05,TRUE
wmmc03,23,CAND_M34981,,,"nl,nc",,1,,0,0,-1,,,,,,ccand,,,,,510,SPAT0507-SLIT0510-DET01,23,150.08729,2.32944,507,0.442,1,0.35,-0.28,TRUE
wmmc03,25,CAND_L38907,,596,fc,,1,,0,0,-1,,,,,,ccand,,,,,422,SPAT0423-SLIT0422-DET01,25,150.10929,2.34592,423,0.552,1,0.35,0.27,TRUE
wmmc03,26,CAND_L35923,,,"nl,nc",,1,,0,0,-1,,,,,,ccand,,,,,382,SPAT0382-SLIT0382-DET01,26,150.10083,2.33324,382,0.483,1,0.35,-0.05,TRUE
wmmc03,27,M_WP868537,868537,,l@10200??serendip?,,1,,,0,0.5,7.39,,10200,30,,c2020,,,,,344,SPAT0345-SLIT0344-DET01,27,150.12729,2.35913,345,0.536,1,0.35,0.04,TRUE
wmmc03,29,L_WP503789,503789,,"nl,nc",,1,,0,0,-1,,,,,,c2020,,,,,265,SPAT0265-SLIT0265-DET01,29,150.10292,2.32566,265,0.5,1,0.35,0.03,TRUE
wmmc03,31,CAND_L39049,,,"nl,nc",,1,,0,0,-1,,,,,,ccand,,,,,174,SPAT0170-SLIT0174-DET01,31,150.13025,2.34675,170,0.412,1,0.35,0.01,TRUE
wmmc03,32,CAND_L33740,,,"nl,nc",,1,,0,0,-1,,,,,,ccand,,,,,124,SPAT0126-SLIT0124-DET01,32,150.11321,2.32405,126,0.567,1,0.35,0.07,TRUE
wmmc03,33,CAND_L41116,,,nl.nc,,1,,0,0,-1,,,,,,ccand,,,,,74,SPAT0069-SLIT0074-DET01,33,150.14625,2.35439,69,0.412,1,0.35,0.44,TRUE
wmmc03,34,CAND_L33076,,,"nl,nc",,1,,0,0,-1,,,,,,ccand,,,,,24,SPAT0024-SLIT0024-DET01,34,150.11983,2.32143,24,0.5,1,0.35,-2.55,TRUE
wmmc05,1,CAND_B58736,,,"nl,nc",,1,,0,0,-1,,,,,,ccand,,,,,1500,SPAT1507-SLIT1500-DET01,1,150.13708,2.44008,1507,0.633,1,0.5,0.07,TRUE
wmmc05,2,M_WP549961,549961,,"nl,nc",,1,,0,0,-1,,,,,,c2020,,,,,1442,SPAT1444-SLIT1442-DET01,2,150.14004,2.43609,1444,0.551,1,0.5,0.07,TRUE
wmmc05,6,rb_15_397860,397860,1845,l@10751?onsky,,1,,0,0,-1,,,10751,,,c2020,,,,,1258,SPAT1260-SLIT1258-DET01,6,150.18296,2.43919,1260,0.556,1,0.5,0.31,TRUE
wmmc05,8,CAND_L54757,,,l@9875?onsky,,1,,,1,0,7.12,,9875,24,,ccand,,,,,1161,SPAT1163-SLIT1161-DET01,8,150.15604,2.42202,1163,0.571,1,0.5,0.1,TRUE
wmmc05,11,CAND_L53570,,,"fc,l@10244?break?",,1,,,0,1,7.42,,10244,22,,ccand,,,,,1047,SPAT1048-SLIT1047-DET01,11,150.159,2.4159,1048,0.536,1,0.5,0.31,TRUE
wmmc05,13,CAND_M54205,,,"nl,nc",,1,,0,0,-1,,,,,,ccand,,,,,961,SPAT0955-SLIT0961-DET01,13,150.18533,2.41918,955,0.38,1,0.5,0.09,TRUE
wmmc05,15,CAND_L51252,,1275,"fc,l@10500?",,1,,,1,-1,7.63,,10500,46,,ccand,,,,,863,SPAT0863-SLIT0863-DET01,15,150.16233,2.40398,863,0.5,1,0.5,0.39,TRUE
wmmc05,17,CAND_L50681,,,l@9768,,1,,,1,1,7.03,,9768,42,,ccand,,,,,766,SPAT0766-SLIT0766-DET01,17,150.17487,2.40167,766,0.5,1,0.5,-0.08,TRUE
wmmc05,18,CAND_M48604,,,"nl,nc",,1,,0,0,-1,,,,,,ccand,,,,,706,SPAT0697-SLIT0706-DET01,18,150.16342,2.3916,697,0.32,1,0.5,-0.52,TRUE
wmmc05,19,CAND_L47624,,,"nl,nc",,1,,0,0,-1,,,,,,ccand,,,,,646,SPAT0655-SLIT0646-DET01,19,150.15754,2.38652,655,0.68,1,0.5,0.04,TRUE
wmmc05,27,CAND_B43874,,465,"l@11005?,l@10442?l@10073onsky",,1,,,1,1,7.286,,10073,59,,ccand,,,,,303,SPAT0311-SLIT0303-DET01,27,150.16846,2.36693,311,0.66,1,0.5,0,TRUE
wmmc05,28,M_WP956582,956582,,"nl,nc",,1,,0,0,-1,,,,,,c2020,,,,,254,SPAT0254-SLIT0254-DET01,28,150.20254,2.37532,254,0.481,1,0.5,0.04,TRUE
wmmc05,30,CAND_B43289,,225,"nl,nc",,1,,0,0,-1,,,,,,ccand,,,,,168,SPAT0160-SLIT0168-DET01,30,150.18946,2.36367,160,0.34,1,0.5,0.12,TRUE
wmmc05,31,CAND_L43310,,,l@10740?,,1,,,1,-1,7.83,,10740,27,,ccand,,,,,120,SPAT0119-SLIT0120-DET01,31,150.19683,2.36372,119,0.481,1,0.5,0.07,TRUE
wmmc05,32,L_WP899972,899972,,"nl,nc",,1,,0,0,-1,,,,,,c2020,,,,,72,SPAT0067-SLIT0072-DET01,32,150.20829,2.36406,67,0.408,1,0.5,0.13,TRUE
wmmc05,33,B_WP786362,786362,27,"l@10694?,l@10551?,l@9821?",,1,,,1,-1,7.67,,10551,26,,c2020,,,,,24,SPAT0023-SLIT0024-DET01,33,150.178,2.34968,23,0.481,1,0.5,0.3,TRUE
wmmc06,4,rb_20_919,_678784,,"l@10847?onsky,l@9833?",,1,,0,0,-1,,,,,,c2020,,,,,1339,SPAT1339-SLIT1339-DET01,4,150.0955,2.52343,1339,0.5,1,0.35,0,TRUE
wmmc06,5,B_WP642235,642235,,l@10074(fat!weirdneg),,1,,0,0,-1,,,,,,c2020,,,,,1301,SPAT1302-SLIT1301-DET01,5,150.09737,2.52078,1302,0.536,1,0.35,0.06,TRUE
wmmc06,11,B_WP676249,676249,,l@10962?,,1,,0,0,-1,,,,,,c2020,,,,,1022,SPAT1028-SLIT1022-DET01,11,150.054,2.51304,1028,0.625,1,0.35,0,TRUE
wmmc06,15,CAND_M72964,,,"l@10806(pypeit),10795(mospy)",,1,,,1,1,7.87,,10795,54,,ccand,,,,,852,SPAT0848-SLIT0852-DET01,15,150.08083,2.49351,848,0.408,1,0.35,0.06,TRUE
wmmc06,16,CAND_L72699,,,l@10162?l@9591?9843?(pypeit),,1,,,0,0,7.09,,9843,?,,ccand,,,,,793,SPAT0796-SLIT0793-DET01,16,150.0605,2.49507,796,0.56,1,0.35,0,TRUE
wmmc06,17,CAND_M83995,,,l@9911?,,1,,,1,0,7.15,,9911,61,,ccand,,,,,734,SPAT0742-SLIT0734-DET01,17,150.07362,2.48759,742,0.673,1,0.35,0,TRUE
wmmc06,18,CAND_M75037,,,"l@11206?,l@11190?,l@10541?",,1,,,1,0,8.23,,11228,28,,ccand,,,,,674,SPAT0667-SLIT0674-DET01,18,150.06675,2.48313,667,0.347,1,0.35,0.09,TRUE
wmmc06,19,CAND_L74733,,,"nl,nc",,1,,0,0,-1,,,,,,ccand,,,,,626,SPAT0626-SLIT0626-DET01,19,150.06071,2.48216,626,0.5,1,0.35,0.01,TRUE
wmmc06,20,L_WP276587,276587,,"nl,nc",,1,,0,0,-1,,,,,,c2020,,,,,577,SPAT0580-SLIT0577-DET01,20,150.05246,2.4811,580,0.56,1,0.35,-0.04,TRUE
wmmc06,22,rb_15_417416,_196040,,l@10269(pypeit),,1,,,0,0,7.45,,10269,41,,c2020,,,,,480,SPAT0488-SLIT0480-DET01,22,150.05054,2.47514,488,0.653,1,0.35,0.1,TRUE
wmmc06,23,CAND_M63170,,,fc,,1,,0,0,-1,7.01,,9751,49,,ccand,,,,,422,SPAT0421-SLIT0422-DET01,23,150.06737,2.4654,421,0.49,1,0.35,0.21,TRUE
wmmc06,24,CAND_L62202,,,"nl,nc",,1,,0,0,-1,,,,,,ccand,,,,,362,SPAT0370-SLIT0362-DET01,24,150.07737,2.45907,370,0.653,1,0.35,0.02,TRUE
wmmc06,25,rb_15_409410,_568422,,l@10799?,,1,,,1,-1,7.88,,10799,22,,c2020,,,,,314,SPAT0316-SLIT0314-DET01,25,150.0595,2.45972,316,0.571,1,0.35,0.1,TRUE
wmmc06,26,B_WP23111,23111,,l@10197?,,1,,0,0,-1,,,,,,c2020,,,,,265,SPAT0269-SLIT0265-DET01,26,150.04354,2.46063,269,0.58,1,0.35,0.18,TRUE
wmmc06,30,CAND_L58875,58875,,l@11131?,,1,,0,0,-1,,,,,,c2020,,,,,82,SPAT0085-SLIT0082-DET01,30,150.07096,2.44077,85,0.593,1,0.35,-0.01,TRUE
wmmu01,1,         M_WPCAND-4775 ,,,l@9839?,,1,,0,1,-1,,,,,,,,,,,2796, SPAT2794-SLIT2796-DET01 ,1,34.31492,-5.14936,2794,0.466,2,0.6,0.01,            True 
wmmu01,2,         L_WPCAND-5916 ,,,l@10039?onsky,,1,,0,1,-1,,,,,,,,,,,2704, SPAT2722-SLIT2704-DET01 ,2,34.30821,-5.14618,2722,0.667,2,0.6,0,            True 
wmmu01,3,        L_WPCAND-10635 ,,,"nl,nc",,1,,0,0,-1,,,,,,,,,,,2612, SPAT2613-SLIT2612-DET01 ,3,34.29375,-5.13825,2613,0.517,2,0.6,0.02,            True 
wmmu01,4,         L_WPCAND-2383 ,,,"nl,nc",,1,,0,0,-1,,,,,,,,,,,2520, SPAT2535-SLIT2520-DET01 ,4,34.30454,-5.15204,2535,0.644,2,0.6,0.04,            True 
wmmu01,5,         M_WPCAND-8677 ,,,"nl,nc",,1,,0,0,-1,,,,,,,,,,,2406, SPAT2403-SLIT2406-DET01 ,5,34.28483,-5.14079,2403,0.471,2,0.6,0,            True 
wmmu01,6,         B_WPCAND-6931 ,,,"fc,l@11182,10789",,1,,,1,1,8.195,,11182,30,,,,,,,2314, SPAT2314-SLIT2314-DET01 ,6,34.28258,-5.14308,2314,0.492,2,0.6,0.1,            True 
wmmu01,7,         B_WPCAND-4679 ,,,"nl,nc",,1,,0,0,-1,,,,,,,,,,,2246, SPAT2248-SLIT2246-DET01 ,7,34.28742,-5.15059,2248,0.534,2,0.6,-0.01,            True 
wmmu01,9,         L_WPCAND19397 ,,,l@10435?,,1,,,1,-1,7.58,,10435,39,,,,,,,2086, SPAT2069-SLIT2086-DET01 ,9,34.29658,-5.16812,2069,0.33,2,0.6,0.07,            True 
wmmu01,10,         B_WPCAND22885 ,,,l@10949?10444?,,1,,,1,0,7.591,,10444,36,,,,,,,1973, SPAT1954-SLIT1973-DET01 ,10,34.29837,-5.17603,1954,0.317,2,0.6,0.03,            True 
wmmu01,11,         L_WPCAND-4815 ,,,l@10022,,1,,,1,0,7.244,,10022,31,,,,,,,1860, SPAT1841-SLIT1860-DET01 ,11,34.26425,-5.14996,1841,0.32,2,0.6,0,            True 
wmmu01,13,         L_WPCAND18441 ,,,"nl,nc",,1,,0,0,-1,,,,,,,,,,,1678, SPAT1665-SLIT1678-DET01 ,13,34.27187,-5.16597,1665,0.369,2,0.6,-0.06,            True 
wmmu01,16,         L_WPCAND-1567 ,,,l@10342??,,1,,,1,-1,7.505,,10342,25,,,,,,,1448, SPAT1449-SLIT1448-DET01 ,16,34.25246,-5.15728,1449,0.517,2,0.6,0.07,            True 
wmmu01,17,         L_WPCAND27109 ,,,"nl,nc",,1,,0,0,-1,,,,,,,,,,,1379, SPAT1380-SLIT1379-DET01 ,17,34.27992,-5.18629,1380,0.517,2,0.6,0.02,            True 
wmmu01,19, rybou_UDSZ-0806014558 ,,,l@10783,,1,,,1,-1,,,10783,,,,,,,,1242, SPAT1241-SLIT1242-DET01 ,19,34.28358,-5.19599,1241,0.483,2,0.6,-0.01,            True 
wmmu01,20,         L_WPCAND26050 ,,,"nl,nc",,1,,0,0,-1,,,,,,,,,,,1151, SPAT1169-SLIT1151-DET01 ,20,34.26721,-5.18376,1169,0.673,2,0.6,-0.02,            True 
wmmu01,22,        B_WPCAND-29712 ,,,l@9910?9997?,,1,,,1,1,7.152,,9910,52,,,,,,,969, SPAT0983-SLIT0969-DET01 ,22,34.27904,-5.20438,983,0.637,2,0.6,-0.03,            True 
wmmu01,24,         L_WPCAND30044 ,,,"l@10760,9911?",,1,,,1,-1,7.85,,10760,28,,,,,,,809, SPAT0809-SLIT0809-DET01 ,24,34.25817,-5.19327,809,0.5,2,0.6,0,            True 
wmmu01,26,         M_WPCAND28264 ,,,"nl,nc",,1,,0,0,-1,,,,,,,,,,,649, SPAT0656-SLIT0649-DET01 ,26,34.24612,-5.18905,656,0.567,2,0.6,0.13,            True 
wmmu01,27,        B_WPCAND-26169 ,,,"nl,nc",,1,,0,0,-1,,,,,,,,,,,536, SPAT0552-SLIT0536-DET01 ,27,34.26521,-5.21255,552,0.657,2,0.6,0,            True 
wmmu01,28,        L_WPCAND-26936 ,,,l@11000,,1,,,1,0,8.048,,11000,22,,,,,,,423, SPAT0413-SLIT0423-DET01 ,28,34.25371,-5.20956,413,0.404,2,0.6,0.01,            True 
wmmu01,29,         L_WPCAND29773 ,,,l@10802,,1,,,1,-1,7.88,,10802,71,,,,,,,309, SPAT0324-SLIT0309-DET01 ,29,34.23087,-5.19244,324,0.644,2,0.6,0.04,            True 
wmmu01,30,        M_WPCAND-26154 ,,,"nl,nc",,1,,0,0,-1,,,,,,,,,,,218, SPAT0220-SLIT0218-DET01 ,30,34.24637,-5.21257,220,0.534,2,0.6,0,            True 
wmmu01,31,        B_WPCAND-25573 ,,,l@10217?11051,,1,,,1,0,8.08,,11051,68,,,,,,,128, SPAT0123-SLIT0128-DET01 ,31,34.24246,-5.21391,123,0.451,2,0.6,0.01,            True 
wmmu01,32,        M_WPCAND-27309 ,,,"nl,nc",,1,,0,0,-1,,,,,,,,,,,38, SPAT0034-SLIT0038-DET01 ,32,34.23387,-5.21002,34,0.421,2,0.6,-0.04,            True 
,,,,,,,,,,,,,,,,,,,,,,,,,,,,,,,,
wmme01,2,              B_W30645 ,,,"fc,nl",nl,1,,0,0,-1,,,,,,,,,,33,2640, SPAT2636-SLIT2640-DET01 ,2,215.09504,53.01421,2636,0.455,2,0.7,0.07,            True 
wmme01,4,              B_W29881 ,,,"nl,serendipfc",l@1778(11413),1,,,1,0.5,8.389,,11413,,,,,,,31,2465, SPAT2454-SLIT2465-DET01 ,4,215.0845,53.00869,2454,0.39,2,0.7,-0.01,            True 
wmme01,6,              M_W69492 ,,,l@10303,"l@1043!,lyabreak",1,,,3,3,7.4775,,10304,31,,,,,,29,2289, SPAT2280-SLIT2289-DET01 ,6,215.05033,53.00745,2280,0.41,2,0.7,0.08,            True 
wmme01,7,              B_W64853 ,,,"nl,nc",l@1811,1,,0,1,-1,8.39,,11420,,,,,,,28,2179, SPAT2176-SLIT2179-DET01 ,7,215.03262,53.006,2176,0.47,2,0.7,-0.05,            True 
wmme01,8,              M_W35089 ,,,"nl,nc","nl,nc",1,,0,0,-1,,,,,,,,,,27,2070, SPAT2057-SLIT2070-DET01 ,8,215.08033,52.99323,2057,0.374,2,0.7,0.01,            True 
wmme01,11,              B_W25641 ,,,l@9774?,"nl,nc",1,,0,0,-1,7.04,,9774,,,,,,,24,1807, SPAT1811-SLIT1807-DET01 ,11,215.044,52.98964,1811,0.571,2,0.7,0.02,            True 
wmme01,14,              B_W25438 ,,,l@10903,l@189?,1,,,1,-1,7.96,,10903,,,,,,,21,1588, SPAT1580-SLIT1588-DET01 ,14,215.03512,52.98239,1580,0.414,2,0.7,0,            True 
wmme01,15,              B_W45153 ,,,"nl,nc","nl,nc,cmc:513(10169)",1,,,0,1,7.365,,10169,,,,,,,20,1502, SPAT1506-SLIT1502-DET01 ,15,215.08142,52.97217,1506,0.582,2,0.7,0.09,            True 
wmme01,16,              B_W68268 ,,,"nl,nc","nl,nc",1,,,0,-1,,,,,,,,,,19,1436, SPAT1439-SLIT1436-DET01 ,16,215.00971,52.98139,1439,0.554,2,0.7,-0.05,            True 
wmme01,18,              L_W28435 ,,,"nl,nc",l@359,1,,,1,0,6.834,,9526,,,,,,,17,1305, SPAT1305-SLIT1305-DET01 ,18,215.03004,52.97339,1305,0.5,2,0.7,0.06,            True 
wmme01,22,              B_W48468 ,,,"nl,nc",l@1656(11365),1,,,1,0,8.348,,11365,,,,,,,13,974, SPAT0959-SLIT0974-DET01 ,22,215.068,52.95377,959,0.343,2,0.7,-0.07,            True 
wmme01,27,              B_W18092 ,,,"fc,l@11109","fc,l@354",1,,,1,-1,,,,,,,,,,8,602, SPAT0618-SLIT0602-DET01 ,27,215.06646,52.94187,618,0.66,2,0.7,0.04,            True 
wmme01,30,              M_W32350 ,,,l@10910?,"l@1075,1333",1,,,1,3,?,,,,,,,,,5,361, SPAT0345-SLIT0361-DET01 ,30,214.99904,52.94197,345,0.34,2,0.7,0,            True 
wmme02,1,              B_W10617 ,,,l@10791,,1,,,1,-1,7.87,,10791,,,,,,,31,2672, SPAT2672-SLIT2672-DET01 ,1,214.92792,52.82428,2672,0.491,2,0.7,0.02,            True 
wmme02,4,          sf_25.9_9754 ,,,l@11050?,,1,,,1,-1,,,,,,,,,,28,2475, SPAT2477-SLIT2475-DET01 ,4,214.91971,52.81623,2477,0.537,2,0.7,0.02,            True 
wmme02,8,          sf_26.6_7704 ,,,l@11051?10557?,,1,,,1,0,,,,,,,,,,24,2166, SPAT2166-SLIT2166-DET01 ,8,214.90612,52.80126,2166,0.491,2,0.7,0.07,            True 
wmme02,9,               B_W9119 ,,,"fc,l@10479?+break?",,1,,,1,1,7.84,,10479,,,,,,,23,2078, SPAT2077-SLIT2078-DET01 ,9,214.90029,52.80088,2077,0.485,2,0.7,0.06,            True 
wmme02,10, NSFin_EGS_SF_z7_12383 ,,,"nl,nc",,1,,,0,-1,,,,,,,,,,22,1970, SPAT1961-SLIT1970-DET01 ,10,214.89154,52.80307,1961,0.414,2,0.7,0,            True 
wmme02,11,  NSFin_EGS_SF_z6_7061 ,,,l@11047?,,1,,,1,-1,8.08,,11047,,,,,,,21,1881, SPAT1884-SLIT1881-DET01 ,11,214.89167,52.78934,1884,0.552,2,0.7,0.01,            True 
wmme02,13, NSFin_EGS_SF_z6_14490 ,,,"nl,nc",,1,,,0,-1,,,,,,,,,,19,1726, SPAT1744-SLIT1726-DET01 ,13,214.87979,52.80026,1744,0.68,2,0.7,-0.01,            True 
wmme02,14,              B_W44678 ,,,l@9934?,,1,,,1,1,7.172,,9934,,,,,,,18,1638, SPAT1635-SLIT1638-DET01 ,14,214.86596,52.81903,1635,0.446,2,0.7,-0.01,            True 
wmme02,15, NSFin_EGS_SF_z6_32303 ,,,l@10096,,1,,,1,-1,7.3,,10096,,,,,,,17,1572, SPAT1575-SLIT1572-DET01 ,15,214.85529,52.84033,1575,0.554,2,0.7,-0.06,            True 
wmme02,16, NSFin_EGS_SF_z6_40811 ,,,"nl,nc",,1,,,0,-1,,,,,,,,,,16,1484, SPAT1473-SLIT1484-DET01 ,16,214.85517,52.82074,1473,0.384,2,0.7,0.08,            True 
wmme02,17,          sf_26.5_9041 ,,,l@10759,,1,,,1,1,7.85,,10759,,,,,,,15,1398, SPAT1395-SLIT1398-DET01 ,17,214.86579,52.77614,1395,0.455,2,0.7,0.01,            True 
wmme02,18, NSFin_EGS_SF_z7_48766 ,,,l@10479?,,1,,,0,1,,,,,,,,,,14,1310, SPAT1296-SLIT1310-DET01 ,18,214.85125,52.79933,1296,0.366,2,0.7,0.17,            True 
wmme02,19, NSFin_EGS_SF_z6_14247 ,,,"nl,nc",,1,,,0,-1,,,,,,,,,,13,1222, SPAT1224-SLIT1222-DET01 ,19,214.85342,52.78076,1224,0.545,2,0.7,-0.1,            True 
wmme02,20, NSFin_EGS_SF_z7_13433 ,,,"nl,nc",,1,,,0,-1,,,,,,,,,,12,1156, SPAT1155-SLIT1156-DET01 ,20,214.85083,52.77666,1155,0.482,2,0.7,0.05,            True 
wmme02,22, NSFin_EGS_SF_z7_39204 ,,,"nl,nc",,1,,,0,-1,,,,,,,,,,10,1000, SPAT0985-SLIT1000-DET01 ,22,214.82842,52.81083,985,0.353,2,0.7,0.03,            True 
wmme02,23,              M_W18596 ,,,l@9985?10261?,,1,,,1,1,,,,,,,,,,9,890, SPAT0885-SLIT0890-DET01 ,23,214.83321,52.7778,885,0.455,2,0.7,0,            True 
wmme02,24, NSFin_EGS_SF_z6_29223 ,,,"nl,nc",,1,,,0,-1,,,,,,,,,,8,780, SPAT0774-SLIT0780-DET01 ,24,214.81217,52.81711,774,0.446,2,0.7,0.02,            True 
wmme02,25, NSFin_EGS_SF_z7_29314 ,,,"l@10139?,serendipl@11022,1057",,1,,,1,0,7.34,,10139,,,,,,,7,670, SPAT0667-SLIT0670-DET01 ,25,214.80625,52.81271,667,0.469,2,0.7,0.1,            True 
wmme02,27, NSFin_EGS_SF_z8_45720 ,,,l@10534?,,1,,,1,0,7.665,,10534,,,,,,,5,452, SPAT0441-SLIT0452-DET01 ,27,214.80429,52.77309,441,0.388,2,0.7,0.05,            True 
wmme02,29, NSFin_EGS_SF_z6_37712 ,,,missing?,,1,,,,,,,,,,,,,,3,277, SPAT0270-SLIT0277-DET01 ,29,214.7905,52.78151,270,0.43,2,0.7,0.1,            True 
wmme02,30, NSFin_EGS_SF_z7_40598 ,,,"nl,nc",,1,,,0,-1,,,,,,,,,,2,168, SPAT0182-SLIT0168-DET01 ,30,214.78767,52.77312,182,0.643,2,0.7,-0.08,            True 
wmme02,31,              L_W66862 ,,,"nl,nc",,1,,,0,-1,,,,,,,,,,1,60, SPAT0038-SLIT0060-DET01 ,31,214.76462,52.81082,38,0.283,2,0.7,0,            True 
wmme03,6,              B_W27094 ,,,"diffuse,c,l@9930?checkalignment",,1,,,1,0,,,,,,,,,,,2200, SPAT2193-SLIT2200-DET01 ,6,214.94246,52.91473,2193,0.429,2,1,-0.23,            True 
wmme03,10,              B_W34153 ,,,l@10414?,,1,,,1,0,7.566,,10414,,,,,,,,1858, SPAT1863-SLIT1858-DET01 ,10,214.94558,52.9002,1863,0.557,2,1,0.1,            True 
wmme03,20,              B_W63317 ,,,l@10762?,,1,,,1,0,,,,,,,,,,,1093, SPAT1089-SLIT1093-DET01 ,20,214.863,52.88943,1089,0.458,2,1,0,            True 
wmme03,21,              B_W27805 ,,,"nl,nc",,1,,,0,-1,,,,,,,,,,,987, SPAT0988-SLIT0987-DET01 ,21,214.89225,52.87743,988,0.51,2,1,0.05,            True 
wmme03,22,              B_W22413 ,,,fc?,,1,,,,,,,,,,,,,,,880, SPAT0898-SLIT0880-DET01 ,22,214.87637,52.87766,898,0.684,2,1,0.18,            True 
wmme03,27,              B_W36702 ,,,l@10238!!10251?,,1,,,3,,,,10238,,,,,,,,501, SPAT0501-SLIT0501-DET01 ,27,214.8925,52.85687,501,0.5,2,1,0.24,            True 
wmme03,32,              B_W66896 ,,,l@10522?,,1,,,1,,,,,,,,,,,,162, SPAT0171-SLIT0162-DET01 ,32,214.83283,52.85941,171,0.592,2,1,0,            True 
wmme03,33,              M_W40898 ,,,"nl,nc",,1,,,0,-1,,,,,,,,,,,56, SPAT0037-SLIT0056-DET01 ,33,214.883,52.84041,37,0.29,2,1,0.03,            True 
wmme02,6, NSFin_EGS_SF_z7_13782 ,,,l@10544??serendip l@10869,,1,,,1,-1,7.67,,10544,,,,,,,26,2322, SPAT2306-SLIT2322-DET01 ,6,214.90821,52.81849,2306,0.347,2,0.7,-0.01,            True 
wmmc05,3,dl_cc_1069270.0,,,"nl,nc",,0,,,0,,,,,,,,,,,,1393,SPAT1393-SLIT1393-DET01,3,150.13921,2.43199,1393,0.5,1,0.5,0.05,TRUE
wmmc05,5,dl_cc_1062705.0,,,"nl,nc",,0,,,0,,,,,,,,,,,,1296,SPAT1295-SLIT1296-DET01,5,150.14175,2.42576,1295,0.464,1,0.5,0.03,TRUE
wmmc06,8,ALF_1159990,,,"bc,l@9993?",,0,,,1,,,,,,,,,,,,1178,SPAT1174-SLIT1178-DET01,8,150.07129,2.51905,1173.6,0.402,3,0.689,2.11,FALSE
wmmc06,13,dl_cc_1144675.0,,,l@10718?onsky,,0,,,1,,,,,,,,,,,,937,SPAT0936-SLIT0937-DET01,13,150.05921,2.50529,936,0.464,1,0.35,-0.31,TRUE
wmme01,9,           NSFil_22209 ,,,"fc,l@279?",l@9775?,0.5,,,0,-1,,,,,,,,,,26,1960, SPAT1963-SLIT1960-DET01 ,9,215.0385,52.99619,1963,0.53,2,0.7,0.02,            True 
wmme01,10,           NSFil_19051 ,,,fc,"nl,nc",0.5,,,0,-1,,,,,,,,,,25,1872, SPAT1872-SLIT1872-DET01 ,10,215.05292,52.99028,1872,0.491,2,0.7,0.24,            True 
wmme01,17,           NSFil_15445 ,,,"nl,nc",l@929?,0.5,,,0,0,,,,,,,,,,18,1370, SPAT1375-SLIT1370-DET01 ,17,215.05254,52.97224,1375,0.582,2,0.7,0,            True 
wmme01,21,           NSFil_18070 ,,,"c,nl","c,nl",0.5,,,1,0,,,,,,,,,,14,1062, SPAT1061-SLIT1062-DET01 ,21,215.02404,52.96526,1061.3,0.487,3,1.18,1.14,           False 
wmme01,23,           NSFil_15062 ,,,"c,l@10909!","c,l@1545,1253",0.5,,,3,3,?,,10909,,,,,,,12,887, SPAT0885-SLIT0887-DET01 ,23,215.0345,52.95658,884.6,0.444,3,2.26,1.65,           False 
wmme01,25,           NSFil_12484 ,,,"nl,nc",l@1912?,0.5,,,1,-1,,,,,,,,,,10,756, SPAT0756-SLIT0756-DET01 ,25,215.04417,52.95042,756,0.5,2,0.7,-0.01,            True 
wmme01,26,           NSFil_10495 ,,,"fc,nl",l@1260?,0.5,,,1,0,,,,,,,,,,9,690, SPAT0693-SLIT0690-DET01 ,26,215.05383,52.94674,693,0.554,2,0.7,0.01,            True 
wmme01,31,            NSFil_9797 ,,,"nl,nc","nl,nc",0.5,,,0,-1,,,,,,,,,,4,252, SPAT0253-SLIT0252-DET01 ,31,215.03779,52.932,253,0.515,2,0.7,0,            True 
wmme01,33,           NSFil_36832 ,,,l@10627?,"nl,nc",0.5,,,1,-1,,,,,,,,,,2,100, SPAT0103-SLIT0100-DET01 ,33,214.99075,52.93396,103,0.554,2,0.7,0,            True 
wmme02,2,            NSFil_2732 ,,,"l@9866,10912",,0.5,,,3,-1,,,,,,,,,,30,2607, SPAT2610-SLIT2607-DET01 ,2,214.92808,52.81389,2610,0.554,2,0.7,-0.07,            True 
wmme02,3,            NSFil_8598 ,,,"nl,nc",,0.5,,,0,-1,,,,,,,,,,29,2540, SPAT2538-SLIT2540-DET01 ,3,214.91525,52.83914,2538,0.456,2,0.7,0,            True 
wmme02,5,            NSFil_5750 ,,,"nl,nc",,0.5,,,0,-1,,,,,,,,,,27,2410, SPAT2409-SLIT2410-DET01 ,5,214.91438,52.82033,2409,0.482,2,0.7,-0.03,            True 
wmme02,7,            NSFil_4567 ,,,"l@9817,",,0.5,,,1,-1,,,,,,,,,,25,2233, SPAT2233-SLIT2233-DET01 ,7,214.90717,52.80886,2233,0.5,2,0.7,0,            True 
wmme02,21,            NSFil_9961 ,,,"nl,nc",,0.5,,,0,-1,,,,,,,,,,11,1090, SPAT1089-SLIT1090-DET01 ,21,214.84137,52.7931,1089,0.491,2,0.7,0.05,            True 
wmme02,28,           NSFil_18808 ,,,"nl,nc",,0.5,,,0,-1,,,,,,,,,,4,365, SPAT0363-SLIT0365-DET01 ,28,214.78925,52.80269,363,0.464,2,0.7,0.02,            True 
wmme03,4,           NSFil_40403 ,,,"na,serendipl@10059!(cosmicray?)",,0.5,,,0,,,,,,,,,,,,2371, SPAT2377-SLIT2371-DET01 ,4,214.90329,52.9327,2377,0.561,2,1,0,            True 
wmme03,5,           NSFil_22739 ,,,l@10320??diffuse,,0.5,,,1,,,,10320,,,,,,,,2286, SPAT2288-SLIT2286-DET01 ,5,214.93021,52.92201,2288,0.547,2,1,0.16,            True 
wmme03,7,           NSFil_25560 ,,,l@11176?,,0.5,,,1,-1,,,11176,,,,,,,,2114, SPAT2116-SLIT2114-DET01 ,7,214.90667,52.92077,2116,0.537,2,1,0,            True 
wmme03,8,           NSNew_25761 ,,,l@9995?,,0.5,,,1,-1,,,,,,,,,,,2028, SPAT2043-SLIT2028-DET01 ,8,214.90258,52.91891,2043,0.649,2,1,0,            True 
wmme03,9,           NSFil_19401 ,,,"c,l@11214?10893?",,0.5,,,1,0,,,11214,,,,,,,,1943, SPAT1942-SLIT1943-DET01 ,9,214.933,52.90666,1942,0.481,2,1,0.35,            True 
wmme03,12,           NSFil_39162 ,,,l@10632,,0.5,,,1,-1,,,10632,,,,,,,,1710, SPAT1709-SLIT1710-DET01 ,12,214.89562,52.90666,1709,0.491,2,1,0.12,            True 
wmme03,13,           NSFil_23950 ,,,"fc,l@11016",,0.5,,,3,,,,11016,,,,,,,,1648, SPAT1647-SLIT1648-DET01 ,13,214.89638,52.90403,1647,0.49,2,1,0.39,            True 
wmme03,14,           NSFil_23332 ,,,"fc,l@11050",,0.5,,,2,-1,,,11050,,,,,,,,1585, SPAT1587-SLIT1585-DET01 ,14,214.89675,52.90166,1587,0.537,2,1,0.08,            True 
wmme03,15,           NSFil_24405 ,,,l@10662,,0.5,,,3,,,,10662,,,,,,,,1521, SPAT1524-SLIT1521-DET01 ,15,214.88837,52.90144,1524,0.556,2,1,0.14,            True 
wmme03,16,           NSFil_21505 ,,,"c,l@11059",,0.5,,,1,-1,,,11059,,,,,,,,1457, SPAT1460-SLIT1457-DET01 ,16,214.90275,52.89533,1460,0.556,2,1,0.24,            True 
wmme03,17,           NSFil_37851 ,,,"l@10194?,serendipc,l@10495?",,0.5,,,1,,,,,,,,,,,,1371, SPAT1363-SLIT1371-DET01 ,17,214.90521,52.89054,1363,0.418,2,1,-0.11,            True 
wmme03,18,           NSNew_16149 ,,,"l@9940?,10670?,11182?",,0.5,,,1,0,,,,,,,,,,,1285, SPAT1283-SLIT1285-DET01 ,18,214.92158,52.88304,1283,0.463,2,1,-0.03,            True 
wmme03,25,           NSFil_25155 ,,,l@10238!!10251?,,0.5,,,3,,,,10238,,,,,,,,647, SPAT0634-SLIT0647-DET01 ,25,214.84563,52.87418,634,0.367,2,1,0.09,            True 
wmme03,26,           NSFil_17490 ,,,"c,nl",,0.5,,,,,,,,,,,,,,,562, SPAT0559-SLIT0562-DET01 ,26,214.883,52.86167,558.8,0.414,3,0.772,1.22,           False 
wmme03,28,           NSFil_15956 ,,,"nl,nc",,0.5,,,0,-1,,,,,,,,,,,438, SPAT0438-SLIT0438-DET01 ,28,214.88625,52.85608,438,0.5,2,1,0,            True 
wmme03,29,           NSFil_14576 ,,,l@10524!,,0.5,,,3,,,,10524,,,,,,,,374, SPAT0374-SLIT0374-DET01 ,29,214.89125,52.85238,374,0.5,2,1,0.13,            True 
wmme03,30,           NSFil_18581 ,,,l@10532,,0.5,,,3,,,,10532,,,,,,,,310, SPAT0308-SLIT0310-DET01 ,30,214.86633,52.85629,308,0.463,2,1,0.05,            True 
wmmc01,2,                   SERENDIP ,,-999,notreal,notreal,0,,,0,,,,,,,,,,,32,1428, SPAT1431-SLIT1428-DET01 ,3,150.05065,2.19107,1431,0.413,3,0.449,-3.25,           False 
wmmc01,3,                    star_75 ,,2112,bc,bc,0,,,-1,,,,,,,,,,,31,1428, SPAT1427-SLIT1428-DET01 ,3,150.19183,2.18124,1427,0.464,1,0.456,27.34,            True 
wmmc01,4,SERENDIP,,2001,l@10944,"l@[1360,769]",0,,,3,,-1,,,,,,,150.186,2.181,,,,,,,,,,,,
wmmc01,5, c2020_pz_0.664_22.8_826089 ,826089,1970,"fc,l@10936,l@10970","fc,l@[1330,845]",0,1,,5,,0.666,0.666,10970,,,c2020,,,,29,1331, SPAT1330-SLIT1331-DET01 ,5,150.18738,2.19157,1330,0.464,1,0.3,0.85,            True 
wmmc01,7,  c2020_pz_1.65_22.6_640174 ,640174,1869,"fc,l@9840,l@9848,l@10769","fc,l@[1256,203],l@[1257,205],l@[1256,958],l@[1256,961]",0,1,,5,,1.64,1.6405,9848,,,c2020,,,,27,1256, SPAT1257-SLIT1256-DET01 ,7,150.17921,2.17518,1257,0.556,1,0.3,0.61,            True 
wmmc01,8,  c2020_pz_4.25_27.1_702146 ,702146,,"nl,nc","nl,nc",0,,,0,,,,,,,c2020,,,,26,1207, SPAT1210-SLIT1207-DET01 ,8,150.17733,2.18104,1210,0.56,1,0.3,0.02,            True 
wmmc01,9, c2020_pz_0.486_24.7_889105 ,889105,1724,l@9888?onsky,"nl,nc",0,1,,1,,0.506,0.5064,9888,,,c2020,,,,25,1158, SPAT1160-SLIT1158-DET01 ,9,150.17763,2.19732,1160,0.571,1,0.3,0.13,            True 
wmmc01,10,  c2020_pz_4.82_26.4_510074 ,510074,,"nl,nc","nl,nc",0,,,0,,,,,,,c2020,,,,24,1109, SPAT1110-SLIT1109-DET01 ,10,150.16721,2.16768,1110,0.52,1,0.3,0.04,            True 
wmmc01,12,  c2020_pz_4.11_25.3_592463 ,592463,,"nl,nc","l@[1020,630]?",0,1,,0,,,,,,,c2020,,,,22,1022, SPAT1022-SLIT1022-DET01 ,12,150.16283,2.17349,1022,0.5,1,0.3,0.07,            True 
wmmc01,15,  c2020_pz_1.95_23.1_891793 ,891793,1292,"fc,l@11065,l@11078","fc,l@[965,36],l@[865,39],l@[865,885],l@[865,891]",0,1,,5,,1.97,1.971,11065,,,c2020,,,,19,864, SPAT0865-SLIT0864-DET01 ,15,150.15696,2.19687,865,0.536,1,0.3,0.41,            True 
wmmc01,16,  c2020_pz_4.33_0.00_829943 ,829943,,"nl,nc","nl,nc",0,,,0,,,,,,,c2020,,,,18,815, SPAT0825-SLIT0815-DET01 ,16,150.15263,2.18885,825,0.7,1,0.3,-0.02,            True 
wmmc01,16,SERENDIP,,1216,"fc,l@10368?",fc,0,,,2,,-1,,,,,,,150.152,2.189,,,,,,,,,,,,
wmmc01,17,SERENDIP,,1159,l@10823,"nl,nc",0,,,1,,-1,,,,,,,150.146,2.177,,,,,,,,,,,,
wmmc01,20,SERENDIP,,873,l@10885?onstar,"l@[594,830]?onstar",0,,,2,,-1,,,,,,,150.139,2.20475,,,,,,,,,,,,
wmmc01,20,                   SERENDIP ,,861,"bc,star?","bc,star?",0,,,-1,,,,,,,,,150.139,2.20498,13,596, SPAT0588-SLIT0596-DET01 ,20,150.08325,2.2087,587.8,0.323,3,0.502,3.41,           False 
wmmc01,23,  c2020_pz_4.46_26.2_766559 ,766559,,l@10539,"l@[431,462]?",0,1,,2,,4.52,4.523,10539,,,c2020,,,,10,428, SPAT0429-SLIT0428-DET01 ,23,150.12467,2.19514,429,0.556,1,0.3,0.2,            True 
wmmc01,24, c2020_pz_0.559_24.4_810968 ,810968,562,l@10269,"l@[390,479]",0,1,,3,,0.56,0.5645,10269,,,c2020,,,,9,390, SPAT0391-SLIT0390-DET01 ,24,150.12325,2.19897,391,0.536,1,0.3,0.01,            True 
wmmc01,25,SERENDIP,,514,"fc,l@10944","l@[351,47]",0,,,2,,-1,,,,,,,150.1255,2.2171,,,,,,,,,,,,
wmmc01,26,  c2020_pz_1.73_24.6_725414 ,725414,418,l@10004?onsky,"nl,nc",0,1,,1,,-1,,,,,c2020,,,,7,292, SPAT0292-SLIT0292-DET01 ,26,150.11437,2.1908,292,0.481,1,0.3,0.05,            True 
wmmc01,27,SERENDIP,,317,"fc,l@9938","fc,l@[231,430]",0,,,2,,-1,,,,,,,150.1153,2.2144,,,,,,,,,,,,
wmmc01,29,SERENDIP,,237,"fc,l@10650?",fc,0,,,1,,-1,,,,,,,150.1097,2.20412,,,,,,,,,,,,
wmmc01,32,  c2020_pz_4.67_28.8_164311 ,164311,,l@10488?,"nl,nc",0,1,,1,,4.49,4.495,10488,,,c2020,,,,1,24, SPAT0021-SLIT0024-DET01 ,32,150.10279,2.2194,21,0.393,1,0.3,0,            True 
wmmc02,4,c2020_pz_4.67_27.2_896994,896994,,"nl,nc",,0,,,0,,,,,,,c2020,,,,,1406,SPAT1406-SLIT1406-DET01,4,150.10296,2.2812,1406,0.5,1,0.5,0.06,TRUE
wmmc02,6,c2020_pz_0.674_25.3_850458,850458,,"nl,nc",,0,,,0,,,,,,,c2020,,,,,1330,SPAT1331-SLIT1330-DET01,6,150.09483,2.27457,1331,0.536,1,0.5,0.12,TRUE
wmmc02,9,c2020_pz_4.32_26.8_713667,713667,,"nl,nc",,0,,,0,,,,,,,c2020,,,,,1173,SPAT1172-SLIT1173-DET01,9,150.08983,2.26166,1172,0.464,1,0.5,0.06,TRUE
wmmc02,12,MAMBO-9,,,fc?,,0,,,0,,,,,,,,,,,,1038,SPAT1037-SLIT1038-DET01,12,150.10983,2.25778,1037,0.481,1,0.5,0.23,TRUE
wmmc02,16,c2020_pz_4.75_29.2_438402,438402,1196,l@11118?,,0,,,1,,4.82,4.825,11118,,,c2020,,,,,834,SPAT0828-SLIT0834-DET01,16,150.09242,2.23769,828,0.38,1,0.5,-0.16,TRUE
wmmc02,17,c2020_pz_4.37_26.0_382110,382110,,l@10808?,,0,,,1,,,,,,,c2020,,,,,785,SPAT0785-SLIT0785-DET01,17,150.08754,2.23357,785,0.5,1,0.5,0.01,TRUE
wmmc02,19,c2020_pz_4.51_27.0_319593,319593,,l@10050,,0,,,2,,4.26,4.266,10050,,,c2020,,,,,710,SPAT0711-SLIT0710-DET01,19,150.08696,2.22896,711,0.536,1,0.5,0.04,TRUE
wmmc02,21,c2020_pz_1.25_21.2_283320,283320,911,bc,,0,,,0,,,,,,,c2020,,,,,634,SPAT0632-SLIT0634-DET01,21,150.09083,2.2252,631.9,0.407,3,0.635,3.36,FALSE
wmmc02,22,c2020_pz_1.86_25.0_248934,248934,,"nl,nc",,0,,,0,,,,,,,c2020,,,,,596,SPAT0597-SLIT0596-DET01,22,150.09688,2.22463,597,0.519,1,0.5,-0.13,TRUE
wmmc02,24,c2020_pz_4.67_28.8_164311,164311,,"nl,nc",,0,,,0,,,,,,,c2020,,,,,500,SPAT0501-SLIT0500-DET01,24,150.10279,2.2194,501,0.536,1,0.5,-0.27,TRUE
wmmc02,25,c2020_pz_1.75_26.8_161501,161501,,"nl,nc",,0,,,0,,,,,,,c2020,,,,,462,SPAT0464-SLIT0462-DET01,25,150.11054,2.21917,464,0.556,1,0.5,0.1,TRUE
wmmc02,29,star_0,,414,bc,,0,,,0,,,,,,,,,,,,290,SPAT0290-SLIT0290-DET01,29,150.11717,2.20933,289.8,0.454,3,0.515,136.31,FALSE
wmmc02,32,c2020_pz_1.24_26.1_797274,797274,,"nl,nc",,0,,,0,,,,,,,c2020,,,,,134,SPAT0136-SLIT0134-DET01,32,150.11812,2.1983,136,0.571,1,0.5,0.01,TRUE
wmmc02,34,SERENDIP,,77,bc,,0,,,0,,,,,,,,,150.1308,2.197,,,,,,,,,,,,
wmmc03,5,c2020_pz_1.82_25.1_421144,421144,,"nl,nc",,0,,,0,,,,,,,c2020,,,,,1358,SPAT1358-SLIT1358-DET01,5,150.09329,2.41728,1358,0.517,1,0.35,0.08,TRUE
wmmc03,9,c2020_pz_1.65_24.0_890739,890739,,"nl,fc",,0,,,0,,,,,,,c2020,,,,,1156,SPAT1157-SLIT1156-DET01,9,150.06383,2.36529,1157,0.552,1,0.35,0.11,TRUE
wmmc03,11,SERENDIP,,,bc,,0,,,0,,,,,,,,,?,?,,,,,,,,,,,,
wmmc03,14,c2020_pz_1.11_23.1_947721,947721,1324,"fc,l@10395,l@10494",,0,,,5,,0.59,,10494,,,c2020,,,,,917,SPAT0917-SLIT0917-DET01,14,150.08929,2.36991,917,0.5,1,0.35,0.18,TRUE
wmmc03,16,c2020_pz_4.13_26.7_925386,925386,,"nl,nc",,0,,,0,,,,,,,c2020,,,,,839,SPAT0841-SLIT0839-DET01,16,150.09454,2.3694,841,0.571,1,0.35,-0.06,TRUE
wmmc03,20,star_243,,908,bc,,0,,,0,,,,,,,,,,,,639,SPAT0639-SLIT0639-DET01,20,150.09858,2.35391,638.5,0.467,3,0.899,162.58,FALSE
wmmc03,21,c2020_pz_4.50_27.5_925679,925679,,"nl,nc",,0,,,0,,,,,,,c2020,,,,,600,SPAT0601-SLIT0600-DET01,21,150.11571,2.36951,601,0.536,1,0.35,-0.04,TRUE
wmmc03,22,star_183,,801,bc,,0,,,0,,,,,,,,,,,,561,SPAT0562-SLIT0561-DET01,22,150.08575,2.33344,561.8,0.51,3,0.676,58.28,FALSE
wmmc03,23,SERENDIP,,735,l@9862,,0,,,3,,,,,,,,,150.0867,2.3301,,,,,,,,,,,,
wmmc03,24,c2020_pz_0.973_24.8_547470,547470,,"nl,nc",,0,,,0,,,,,,,c2020,,,,,460,SPAT0460-SLIT0460-DET01,24,150.09054,2.32847,460,0.5,1,0.35,0.2,TRUE
wmmc03,28,star_144,,438,bc,,0,,,0,,,,,,,,,,,,305,SPAT0305-SLIT0305-DET01,28,150.10217,2.32832,305.2,0.487,3,0.648,34.54,FALSE
wmmc03,30,c2020_pz_4.39_26.0_438963,438963,327,l@10648?,,0,,,1,,4.57,,10648,,,c2020,,,,,225,SPAT0224-SLIT0225-DET01,30,150.10004,2.31908,224,0.467,1,0.35,-0.05,TRUE
wmmc03,33,SERENDIP,,131,"fc,l@10670?",,0,,,0,,,,,,,,,150.145,2.355,,74,SPAT0087-SLIT0074-DET01,33,150.13975,2.35524,87,0.75,3,1.138,3.55,FALSE
wmmc03,34,SERENDIP,,44,bc,,0,,,0,,,,,,,,,150.119,2.322,,24,SPAT0030-SLIT0024-DET01,34,150.11829,2.32145,30.3,0.709,3,0.383,1.57,FALSE
wmmc05,4,c2020_pz_4.25_26.9_614084,614084,,"nl,nc",,0,,,0,,,,,,,c2020,,,,,1344,SPAT1338-SLIT1344-DET01,4,150.145,2.42983,1338,0.367,1,0.5,0,TRUE
wmmc05,7,star_575,,,bc,,0,,,0,,,,,,,,,,,,1210,SPAT1217-SLIT1210-DET01,7,150.15996,2.42765,1216.6,0.622,3,0.481,19.36,FALSE
wmmc05,9,c2020_pz_4.85_26.5_519378,519378,,"nl,nc",,0,,,0,,,,,,,c2020,,,,,1123,SPAT1125-SLIT1123-DET01,9,150.16417,2.42269,1125,0.571,1,0.5,0,TRUE
wmmc05,10,c2020_pz_4.43_27.3_566543,566543,,"nl,nc",,0,,,0,,,,,,,c2020,,,,,1085,SPAT1086-SLIT1085-DET01,10,150.17771,2.42534,1086,0.536,1,0.5,0.03,TRUE
wmmc05,12,c2020_pz_0.609_25.3_467447,467447,,"nl,nc",,0,,,0,,,,,,,c2020,,,,,1010,SPAT1010-SLIT1010-DET01,12,150.17004,2.41756,1010,0.519,1,0.5,-0.09,TRUE
wmmc05,14,c2020_pz_1.64_25.4_412255,412255,,"nl,nc",,0,,,0,,,,,,,c2020,,,,,912,SPAT0912-SLIT0912-DET01,14,150.17683,2.41307,912,0.5,1,0.5,-0.26,TRUE
wmmc05,15,SERENDIPx2,,,"10439,10436?",,0,,,1,,,,,,,,,,,,,,,,,,,,,,
wmmc05,16,c2020_pz_4.18_25.7_345492,345492,,l@10179?,,0,,,1,,,4.33,10180,,,c2020,,,,,814,SPAT0816-SLIT0814-DET01,16,150.18013,2.40731,816,0.556,1,0.5,0.35,TRUE
wmmc05,17,SERENDIP,,,fc,,0,,,0,,,,,,,,,150.175,2.3999,,766,SPAT0748-SLIT0766-DET01,17,150.10282,2.40674,747.5,0.128,3,0.551,1.05,FALSE
wmmc05,18,SERENDIP,,,fc,,0,,,0,,,,,,,,,,,,,,,,,,,,,,
wmmc05,20,c2020_pz_1.18_26.4_235292,235292,,"nl,nc",,0,,,0,,,,,,,c2020,,,,,598,SPAT0598-SLIT0598-DET01,20,150.18692,2.39321,598,0.519,1,0.5,0.15,TRUE
wmmc05,21,c2020_pz_4.26_26.2_151499,151499,1009,l@10845?onsky,,0,,,1,,,,,,,c2020,,,,,560,SPAT0559-SLIT0560-DET01,21,150.17317,2.38557,559,0.464,1,0.5,-0.03,TRUE
wmmc05,22,c2020_pz_4.34_26.2_72989,72989,,"nl,nc",,0,,,0,,,,,,,c2020,,,,,522,SPAT0522-SLIT0522-DET01,22,150.16587,2.38039,522,0.481,1,0.5,0.06,TRUE
wmmc05,23,c2020_pz_4.11_25.8_102408,102408,,"nl,nc",,0,,,0,,,,,,,c2020,,,,,474,SPAT0476-SLIT0474-DET01,23,150.18067,2.38266,476,0.531,1,0.5,-0.1,TRUE
wmmc05,24,c2020_pz_4.29_0.00_20954,20954,612,l@11052?,,0,,,1,,,,11052,,,c2020,,,,,426,SPAT0426-SLIT0426-DET01,24,150.17692,2.37752,426,0.5,1,0.5,-0.06,TRUE
wmmc05,25,c2020_pz_0.532_21.3_106340,106340,558,"bc,ha@10059,nii@10072,l@10294,l@10317",,0,,,5,,,,10059,,,c2020,,,,,388,SPAT0385-SLIT0388-DET01,25,150.19604,2.38222,385.5,0.371,3,0.703,4.32,FALSE
wmmc05,26,c2020_pz_1.84_24.6_86638,86638,513,"oii@10638,10646",,0,,,5,,,,10638,,,c2020,,,,,352,SPAT0354-SLIT0352-DET01,26,150.19896,2.38135,354,0.593,1,0.5,0,TRUE
wmmc05,28,SERENDIP,,375,"oii@10940,10931",,0,,,5,,,,10940,,,,,150.2024,2.3759,,,,,,,,,,,,
wmmc05,29,SERENDIP,,336,bc,,0,,,0,,,,,,,,,,,,,,,,,,,,,,
wmmc05,29,c2020_pz_4.45_25.8_938343,938343,309,l@9864?,,0,,,1,,,4.167,9864,,,c2020,,,,,217,SPAT0218-SLIT0217-DET01,29,150.19375,2.3698,218,0.536,1,0.5,-2.88,TRUE
wmmc06,1,MORA-1,,,"nl,nc",,0,,,0,,,,,,,,,,,,1462,SPAT1458-SLIT1462-DET01,1,150.08225,2.53439,1458,0.408,1,0.35,-0.23,TRUE
wmmc06,2,c2020_pz_4.73_25.6_754927,754927,,l@11207?,,0,,,1,,,,,,,c2020,,,,,1414,SPAT1415-SLIT1414-DET01,2,150.09317,2.52869,1415,0.519,1,0.35,0.05,TRUE
wmmc06,3,c2020_pz_4.47_26.0_744202,744202,,"l@9981?,",,0,,,1,,,,,,,c2020,,,,,1377,SPAT1379-SLIT1377-DET01,3,150.09233,2.52677,1379,0.571,1,0.35,-0.06,TRUE
wmmc06,6,c2020_pz_1.21_23.9_726139,726139,,l@10815,,0,,,2,,,,,,,c2020,,,,,1264,SPAT1264-SLIT1264-DET01,6,150.06813,2.52599,1264,0.519,1,0.35,0.27,TRUE
wmmc06,7,c2020_pz_4.74_26.7_577553,577553,,"nl,nc",,0,,,0,,,,,,,c2020,,,,,1226,SPAT1228-SLIT1226-DET01,7,150.09563,2.51672,1228,0.556,1,0.35,0.05,TRUE
wmmc06,8,SERENDIP,,,l@9828?,,0,,,1,,,,,,,,,??,??,,,,,,,,,,,,
wmmc06,9,SERENDIP,,,l@9904,,0,,,2,,,,,,,,,150.0818,2.5115,,,,,,,,,,,,
wmmc06,9,SERENDIP,,,l@10909,,0,,,2,,,,,,,,,??,??,,,,,,,,,,,,
wmmc06,9,c2020_pz_4.69_27.8_516919,516919,,"nl,nc",,0,,,0,,,,,,,c2020,,,,,1118,SPAT1126-SLIT1118-DET01,9,150.08529,2.51211,1126,0.66,1,0.35,0,TRUE
wmmc06,10,c2020_pz_4.52_27.3_490778,490778,,"l@11046,l@10346?",,0,,,2,,,,,,,c2020,,,,,1070,SPAT1070-SLIT1070-DET01,10,150.08146,2.50878,1070,0.519,1,0.35,0.08,TRUE
wmmc06,12,c2020_pz_1.18_24.3_436545,436545,,l@10462?,,0,,,1,,,,,,,c2020,,,,,974,SPAT0976-SLIT0974-DET01,12,150.06646,2.50589,976,0.556,1,0.35,0.11,TRUE
wmmc06,14,star_1087,,,bc,,0,,,0,,,,,,,,,,,,900,SPAT0899-SLIT0900-DET01,14,150.06042,2.50277,898.8,0.431,3,0.725,99.69,FALSE
wmmc06,15,SERENDIP,,,l@10793?,,0,,,1,,,,,,,,,,,,,,,,,,,,,,
wmmc06,17,SERENDIP,,,"fc,l@10552",,0,,,2,,,,,,,,,150.07033,2.487,,,,,,,,,,,,
wmmc06,20,SERENDIP,,,bc,,0,,,0,,,,,,,,,150.05331,2.48276,,577,SPAT0596-SLIT0577-DET01,20,149.99542,2.48483,596,0.868,3,0.371,2.04,FALSE
wmmc06,21,c2020_pz_0.630_23.8_86724,86724,,l@10597,,0,,,3,,,,,,,c2020,,,,,528,SPAT0530-SLIT0528-DET01,21,150.06733,2.47362,530,0.556,1,0.35,0.18,TRUE
wmmc06,24,SERENDIP,,,l@11081?,,0,,,1,,,,,,,,,150.0738,2.45826,,,,,,,,,,,,
wmmc06,26,SERENDIP,,,fc,,0,,,0,,,,,,,,,150.03677,2.46289,,265,SPAT0251-SLIT0265-DET01,26,150.02084,2.46186,250.8,0.211,3,0.801,1.41,FALSE
wmmc06,26,SERENDIP,,,"l@10317,l@11098",,0,,,4,,,,,,,,,???,???,,,,,,,,,,,,
wmmc06,27,c2020_pz_1.71_25.3_517864,517864,,l@9825?,,0,,,1,,,,,,,c2020,,,,,216,SPAT0218-SLIT0216-DET01,27,150.04404,2.45675,218,0.556,1,0.35,0.07,TRUE
wmmc06,28,jw_m440697,440697,,"nl,nc",,0,,,0,,,,,,,c2020,,,,,180,SPAT0181-SLIT0180-DET01,28,150.05888,2.45061,181,0.556,1,0.35,-0.09,TRUE
wmmc06,29,star_794,,,bc,,0,,,0,,,,,,,ccand,,,,,131,SPAT0121-SLIT0131-DET01,29,150.03954,2.45121,120.9,0.288,3,0.548,42.15,FALSE
wmmc06,31,c2020_pz_4.77_26.2_388585,388585,,"nl,nc",,0,,,0,,,,,,,c2020,,,,,34,SPAT0035-SLIT0034-DET01,31,150.04675,2.44361,35,0.51,1,0.35,0.15,TRUE
wmmu01,8,  upz_-30855_1.93_27.1 ,,,"nl,nc",,0,,,0,,,,,,,,,,,,2178, SPAT2178-SLIT2178-DET01 ,8,34.27983,-5.14657,2178,0.508,2,0.6,-0.04,            True 
wmmu01,12,   upz_19196_1.76_25.1 ,,,l@10612!,,0,,,4,2,1.84,,10612,,,,,,,,1769, SPAT1771-SLIT1769-DET01 ,12,34.28212,-5.17,1771,0.534,2,0.6,0.05,            True 
wmmu01,14,               star_71 ,,,bc,,0,,,,,,,,,,,,,,,1587, SPAT1586-SLIT1587-DET01 ,14,34.27758,-5.17499,1585.7,0.469,3,0.65,76.53,           False 
wmmu01,15,  upz_-32592_4.13_27.3 ,,,l@10669?,,0,,,1,0,4.589,,10669,,,,,,,,1518, SPAT1514-SLIT1518-DET01 ,15,34.27521,-5.17598,1514,0.441,2,0.6,0.02,            True 
wmmu01,18,  upz_-32439_1.13_26.3 ,,,l@10761,,0,,,1,1,1.15,,10761,,,,,,,,1310, SPAT1312-SLIT1310-DET01 ,18,34.26279,-5.17315,1312,0.525,2,0.6,0.06,            True 
wmmu01,21,   upz_32517_1.72_26.9 ,,,"nl,nc",,0,,,0,,,,,,,,,,,,1060, SPAT1059-SLIT1060-DET01 ,21,34.26125,-5.18403,1059,0.492,2,0.6,0.02,            True 
wmmu01,23,   upz_14604_1.65_24.7 ,,,"fc,l@10248!",,0,,,3,2,1.749,,10248,,,,,,,,878, SPAT0879-SLIT0878-DET01 ,23,34.2635,-5.19522,879,0.508,2,0.6,0.11,            True 
wmmu01,25,               star_62 ,,,bc,,0,,,,,,,,,,,,,,,740, SPAT0737-SLIT0740-DET01 ,25,34.28312,-5.21995,736.8,0.437,3,0.673,128.45,           False 
wmmu01,25,              SERENDIP ,,,bc(star),,0,,,,,,,,,,,,,,,740, SPAT0764-SLIT0740-DET01 ,25,34.24635,-5.21734,764,0.909,3,0.447,-1.55,           False 
wmme01,1,           NSFil_23198 ,,,"l@10266,10571","dl@1202,l@916",0,,,5,5,1.11,,10266,,,,,,,34,2727, SPAT2729-SLIT2727-DET01 ,1,215.06908,53.02221,2729,0.537,2,0.7,0.19,            True 
wmme01,3,           NSKar_31009 ,,,"bc,l@9833,9857","bc,l@y=934,952",0,,,5,5,,,9833,,,,,,,32,2553, SPAT2552-SLIT2553-DET01 ,3,215.02492,53.02248,2552.3,0.476,3,1.648,3.58,           False 
wmme01,5,           NSFil_16368 ,,,"l@9857,10934","y=1771,893,253,262.",0,,,5,5,1.644,,,,,,,,,30,2377, SPAT2381-SLIT2377-DET01 ,5,215.09267,53.00474,2381,0.571,2,0.7,0.1,            True 
wmme01,12,           NSFil_15649 ,,,"fc,l@11124?","fc,l@1768,1552,1351",0,,,5,5,1.244,,,,,,,,,23,1742, SPAT1741-SLIT1742-DET01 ,12,215.06762,52.98332,1741,0.491,2,0.7,0.39,            True 
wmme01,13,           NSFil_23855 ,,,"fc,l@10073","fc,l@2014,1812,388serendipline",0,,,5,5,?,,,,,,,,,22,1676, SPAT1680-SLIT1676-DET01 ,13,215.01692,52.98944,1680,0.571,2,0.7,0,            True 
wmme01,19,              star_881 ,,,bc,bc,0,,,5,5,,,,,,,,,,16,1216, SPAT1230-SLIT1216-DET01 ,19,214.98804,52.97749,1229.9,0.631,3,0.697,60.64,           False 
wmme01,20, NSFin_EGS_SF_z4_27776 ,,,"nl,nc","nl,nc",0,,,0,-1,,,,,,,,,,15,1127, SPAT1126-SLIT1127-DET01 ,20,215.02029,52.96802,1126,0.482,2,0.7,0.08,            True 
wmme01,24, NSFin_EGS_SF_z3_44022 ,,,"fc,l@10965","nl,nc",0,,,1,-1,?,,10965,,,,,,,11,822, SPAT0823-SLIT0822-DET01 ,24,215.04592,52.95248,823,0.527,2,0.7,0.09,            True 
wmme01,28,           NSFil_12920 ,,,"fc,oii@10865,l@11193","fc,l@1779,oii@1478",0,,,5,4,1.917,,10865,,,,,,,7,514, SPAT0513-SLIT0514-DET01 ,28,215.03233,52.94317,512.9,0.47,3,1.199,1.37,           False 
wmme01,29,            NSFil_9816 ,,,"fc,l@10536,","fc,l@998",0,,,3,4,1.1047,,10536,,,,,,,6,448, SPAT0448-SLIT0448-DET01 ,29,215.04979,52.93809,448.3,0.483,3,1.778,1.65,           False 
wmme01,32,            NSFil_6891 ,,,c,"c,oii@614",0,,,5,3,,,,,,,,,,3,165, SPAT0165-SLIT0165-DET01 ,32,215.05421,52.92591,164.6,0.483,3,1.128,1.63,           False 
wmme01,34,           NSFil_10832 ,,,bc,bc,0,,,5,5,,,,,,,,,,1,36, SPAT0035-SLIT0036-DET01 ,34,215.02658,52.92593,35.4,0.485,3,0.947,4.37,           False 
wmme02,12,              star_452 ,,,bc,,0,,,,,,,,,,,,,,20,1814, SPAT1810-SLIT1814-DET01 ,12,214.88804,52.78758,1810.2,0.424,3,0.887,134.55,           False 
wmme02,12,              SERENDIP ,,,star,,0,,,,,,,,,,,,,,20,1814, SPAT1831-SLIT1814-DET01 ,12,214.73967,52.79379,1830.8,0.878,3,0.684,-1.6,           False 
wmme02,26,              star_513 ,,,bc,,0,,,,,,,,,,,,,,6,561, SPAT0539-SLIT0561-DET01 ,26,214.81113,52.77298,539,0.276,3,0.875,100.6,           False 
wmme03,1,           NSFil_31351 ,,,"c,l@9930,10071,maybemore",,0,,,5,5,,,,,,,,,,,2626, SPAT2626-SLIT2626-DET01 ,1,214.91329,52.94076,2625.7,0.477,3,0.933,1.9,           False 
wmme03,2,              JZ_NOEMA ,,2198,"na,serendip l@10067",,0,,,0,,,,,,,,,,,,2540, SPAT2523-SLIT2540-DET01 ,2,214.90912,52.93719,2523,0.323,2,1,-0.08,            True 
wmme03,3, NSFin_EGS_SF_z4_66788 ,,,l@10337?,,0,,,1,-1,4.41,,10337,,,,,,,,2456, SPAT2454-SLIT2456-DET01 ,3,214.93179,52.92859,2454,0.471,2,1,0.06,            True 
wmme03,11,           NSFil_26556 ,,,"c,l@10550,10760,10867!",,0,,,5,5,1.17,,10550,,,,,,,,1772, SPAT1773-SLIT1772-DET01 ,11,214.88837,52.91098,1773,0.509,2,1,0.47,            True 
wmme03,12,SERENDIP,,,l@10429,,0,,,3,,,,10429,,,,,,,,,,,,,,,,,,
wmme03,16,SERENDIP,,,l@10789!,,0,,,,,,,10789,,,,,,,,,,,,,,,,,,
wmme03,19,SERENDIP,,,l@10009!,,0,,,3,,,,10009,,,,,,,,,,,,,,,,,,
wmme03,19, NSFin_EGS_SF_z4_59741 ,,,"na,serendipl@10009!",,0,,,,,,,,,,,,,,,1200, SPAT1186-SLIT1200-DET01 ,19,214.85829,52.89506,1186,0.361,2,1,0.02,            True 
wmme03,21,SERENDIP,,,l@10382,,0,,,,,,,,,,,,,,,,,,,,,,,,,
wmme03,23, NSFin_EGS_SF_z4_69052 ,,,l@10410?,,0,,,1,0,4.45,,10410,,,,,,,,794, SPAT0795-SLIT0794-DET01 ,23,214.86383,52.87636,795,0.519,2,1,0.08,            True 
wmme03,24,              star_553 ,,,bc,,0,,,,,,,,,,,,,,,732, SPAT0730-SLIT0732-DET01 ,24,214.86587,52.87342,730.2,0.466,3,0.558,176.95,           False 
wmme03,25,SERENDIP,,,c,,0,,,,,,,,,,,,,,,,,,,,,,,,,
wmme03,31,              star_545 ,,,bc,,0,,,,,,,,,,,,,,,247, SPAT0242-SLIT0247-DET01 ,31,214.87683,52.85118,242.4,0.401,3,0.555,35.56,           False 